{
  "svg": "hamster.svg",
  "scale": 0.20000,
  "svgY": 212.50000,
  "canvasWidth": 800,
  "canvasHeight": 600,
  "svgBounds": {
    "x": 56.00000,
    "y": 38.00000,
    "width": 356.00000,
    "height": 395.00000
  },
  "body": {"x": 364.00000, "y": 229.00000, "width": 71.00000, "height": 43.00000},
  "ascenders": [
    {"x": 381.00000, "y": 212.00000, "width": 40.00000, "height": 17.00000}
  ],
  "descenders": [
    {"x": 372.00000, "y": 273.00000, "width": 49.00000, "height": 18.00000},
    {"x": 426.00000, "y": 277.00000, "width": 7.00000, "height": 7.00000}
  ]
}
